{"count":1,"self":32013.579059199998,"total":51768.044965999994,"children":{"InitializeActuators":{"count":16,"self":0.0040019999999999995,"total":0.0040019999999999995,"children":null},"InitializeSensors":{"count":16,"self":0.010981699999999999,"total":0.010981699999999999,"children":null},"AgentSendState":{"count":1140967,"self":588.3478016,"total":888.7521458,"children":{"CollectObservations":{"count":1825552,"self":24.9886832,"total":24.9886834,"children":null},"WriteActionMask":{"count":1825552,"self":8.7380704,"total":8.7380704,"children":null},"RequestDecision":{"count":1825552,"self":38.8096256,"total":266.677603,"children":{"AgentInfo.ToProto":{"count":1825552,"self":27.4482304,"total":227.867977,"children":{"GenerateSensorData":{"count":1825552,"self":132.54575359999998,"total":200.419747,"children":{"RayPerceptionSensor.Perceive":{"count":1825552,"self":67.8739904,"total":67.8739904,"children":null}}}}}}}}},"DecideAction":{"count":1140967,"self":18703.8875648,"total":18703.887750899998,"children":null},"AgentAct":{"count":1140967,"self":159.7039744,"total":161.8077351,"children":{"AgentInfo.ToProto":{"count":13712,"self":0.3506798,"total":2.1037615,"children":{"GenerateSensorData":{"count":13712,"self":1.1760834,"total":1.7530816999999999,"children":{"RayPerceptionSensor.Perceive":{"count":13712,"self":0.5769983,"total":0.5769983,"children":null}}}}}}}},"gauges":{"cubicTraining.CumulativeReward":{"count":13712,"max":6434,"min":-1653,"runningAverage":-528.3254,"value":277,"weightedAverage":-425.184082}},"metadata":{"timer_format_version":"0.1.0","start_time_seconds":"1678299179","unity_version":"2021.3.11f1","command_line_arguments":"C:\\Program Files\\Unity\\Hub\\Editor\\2021.3.11f1\\Editor\\Unity.exe -projectpath C:\\Users\\jorri\\Cubic-B\\AITrainingCubicB -useHub -hubIPC -cloudEnvironment production -licensingIpc LicenseClient-jorri -hubSessionId 15f2ae40-bd07-11ed-976d-9dc7beba249d -accessToken ewiEVhWdwRXqySk0F13Rvg4u34JskBxLuaGnf5S5be4001f","communication_protocol_version":"1.5.0","com.unity.ml-agents_version":"2.2.1-exp.1","scene_name":"SampleScene","end_time_seconds":"1678350947"}}